City_ID,City,Country,Lat,Lng,Max Temp,Humidity,Cloudiness,Wind Speed,Current Description,Date
0,Neijiang,CN,29.5835,105.0622,73.2,87,100,4.14,overcast clouds,2022-06-13 00:50:06
1,Punta Arenas,CL,-53.15,-70.9167,46.51,81,75,6.91,light rain,2022-06-13 00:48:35
2,Kieta,PG,-6.2167,155.6333,85.26,66,18,5.68,few clouds,2022-06-13 00:50:07
3,Adrar,MR,20.5022,-10.0711,89.2,26,1,11.9,clear sky,2022-06-13 00:50:07
4,Barrow,US,71.2906,-156.7887,28.42,93,100,5.75,mist,2022-06-13 00:50:07
5,Bac Lieu,VN,9.285,105.7244,82.67,77,100,6.22,overcast clouds,2022-06-13 00:50:08
6,Tuktoyaktuk,CA,69.4541,-133.0374,33.8,93,100,10.36,overcast clouds,2022-06-13 00:50:08
7,Hermanus,ZA,-34.4187,19.2345,65.8,77,100,17.05,overcast clouds,2022-06-13 00:50:08
8,Donskoye,RU,45.4552,41.9741,61.47,48,100,7.7,overcast clouds,2022-06-13 00:50:09
9,Rikitea,PF,-23.1203,-134.9692,73.33,68,28,13.6,scattered clouds,2022-06-13 00:50:09
10,Kondinskoye,RU,59.6481,67.41,50.49,95,100,11.77,overcast clouds,2022-06-13 00:50:09
11,Bredasdorp,ZA,-34.5322,20.0403,60.37,65,100,7.05,overcast clouds,2022-06-13 00:50:09
12,Banff,CA,51.1762,-115.5698,61.18,29,96,5.75,overcast clouds,2022-06-13 00:50:10
13,Tasiilaq,GL,65.6145,-37.6368,34.9,99,100,5.19,light snow,2022-06-13 00:50:10
14,Ponta Do Sol,PT,32.6667,-17.1,69.71,82,12,2.17,few clouds,2022-06-13 00:50:10
15,Vila,PT,42.0304,-8.1588,58.69,84,12,4.97,few clouds,2022-06-13 00:50:11
16,Cidreira,BR,-30.1811,-50.2056,51.06,71,39,15.41,scattered clouds,2022-06-13 00:50:11
17,Kautokeino,NO,69.0125,23.0412,48.67,74,96,1.61,overcast clouds,2022-06-13 00:50:11
18,Avarua,CK,-21.2078,-159.775,80.65,65,100,10.36,overcast clouds,2022-06-13 00:50:12
19,Busselton,AU,-33.65,115.3333,59.81,69,100,18.23,overcast clouds,2022-06-13 00:50:12
20,Tamandare,BR,-8.7597,-35.1047,75.85,86,6,3.04,clear sky,2022-06-13 00:50:12
21,Chuy,UY,-33.6971,-53.4616,46.29,93,2,5.84,clear sky,2022-06-13 00:50:13
22,Mulege,MX,26.8833,-111.9833,89.55,46,6,4.72,clear sky,2022-06-13 00:50:13
23,Bereda,ES,43.2686,-7.5406,62.42,96,100,8.3,overcast clouds,2022-06-13 00:50:13
24,Uusikaupunki,FI,60.8004,21.4084,53.67,84,68,11.3,broken clouds,2022-06-13 00:50:14
25,Taoudenni,ML,22.6783,-3.9836,93.94,26,99,9.69,overcast clouds,2022-06-13 00:50:14
26,Sorong,ID,-0.8833,131.25,82.54,74,98,6.49,overcast clouds,2022-06-13 00:50:14
27,Svetlogorsk,BY,52.6333,29.7333,56.03,95,7,6.44,clear sky,2022-06-13 00:50:14
28,Port Alfred,ZA,-33.5906,26.891,74.17,33,100,3.0,overcast clouds,2022-06-13 00:50:15
29,Cape Town,ZA,-33.9258,18.4232,61.21,87,75,24.16,moderate rain,2022-06-13 00:45:55
30,Saint-Philippe,RE,-21.3585,55.7679,69.39,87,99,15.3,moderate rain,2022-06-13 00:50:15
31,Mount Isa,AU,-20.7333,139.5,62.37,31,0,12.66,clear sky,2022-06-13 00:50:15
32,Laguna,US,38.421,-121.4238,83.75,55,0,18.41,clear sky,2022-06-13 00:50:16
33,Sangar,RU,63.9242,127.4739,53.19,78,92,7.76,overcast clouds,2022-06-13 00:50:16
34,Chara,RU,56.9064,118.2631,61.81,46,0,3.33,clear sky,2022-06-13 00:50:16
35,Kapaa,US,22.0752,-159.319,85.98,77,75,14.97,broken clouds,2022-06-13 00:50:17
36,Karpogory,RU,64.0019,44.4451,51.37,63,100,5.82,overcast clouds,2022-06-13 00:50:17
37,Airai,TL,-8.9266,125.4092,66.47,60,77,4.05,broken clouds,2022-06-13 00:50:17
38,Mar Del Plata,AR,-38.0023,-57.5575,50.09,71,0,3.44,clear sky,2022-06-13 00:49:12
39,Atuona,PF,-9.8,-139.0333,77.58,66,95,18.25,overcast clouds,2022-06-13 00:50:18
40,Bambous Virieux,MU,-20.3428,57.7575,71.85,88,75,14.97,light rain,2022-06-13 00:50:18
41,Hobart,AU,-42.8794,147.3294,49.05,70,20,10.36,few clouds,2022-06-13 00:50:18
42,Codrington,AU,-38.2667,141.9667,54.88,75,98,3.87,overcast clouds,2022-06-13 00:50:19
43,Alofi,NU,-19.0595,-169.9187,82.29,74,24,12.66,few clouds,2022-06-13 00:50:19
44,Cockburn Town,TC,21.4612,-71.1419,82.36,74,40,16.11,scattered clouds,2022-06-13 00:46:36
45,Porto Novo,BJ,6.4965,2.6036,80.42,88,100,5.97,overcast clouds,2022-06-13 00:50:19
46,Sayat,TM,38.7839,63.8803,73.27,26,0,4.74,clear sky,2022-06-13 00:50:20
47,San Cristobal,VE,7.7669,-72.225,71.78,99,100,3.94,overcast clouds,2022-06-13 00:50:20
48,Puerto Ayacucho,VE,5.6639,-67.6236,71.64,97,100,1.41,overcast clouds,2022-06-13 00:50:20
49,Pisco,PE,-13.7,-76.2167,61.02,82,100,3.44,mist,2022-06-13 00:50:21
50,Port Hardy,CA,50.6996,-127.4199,55.58,62,40,16.11,scattered clouds,2022-06-13 00:50:21
51,Ushuaia,AR,-54.8,-68.3,40.66,93,75,8.05,mist,2022-06-13 00:50:21
52,Alugan,PH,12.2188,125.4808,83.46,76,100,6.17,overcast clouds,2022-06-13 00:50:22
53,Carnarvon,AU,-24.8667,113.6333,65.7,65,9,15.1,clear sky,2022-06-13 00:49:05
54,Strezhevoy,RU,60.7333,77.5889,59.43,79,13,7.36,few clouds,2022-06-13 00:45:59
55,Ostrovnoy,RU,68.0531,39.5131,53.26,84,100,8.88,overcast clouds,2022-06-13 00:50:22
56,Mandali,IQ,33.7499,45.5541,88.77,16,0,1.81,clear sky,2022-06-13 00:50:23
57,Saint George,US,37.1041,-113.5841,104.59,5,0,32.21,clear sky,2022-06-13 00:47:16
58,Kungurtug,RU,50.5994,97.5228,72.81,26,92,0.31,overcast clouds,2022-06-13 00:50:23
59,Georgetown,MY,5.4112,100.3354,82.33,93,20,3.44,few clouds,2022-06-13 00:49:32
60,Isla Mujeres,MX,21.2311,-86.731,84.16,84,6,9.4,clear sky,2022-06-13 00:50:23
61,Dunmore Town,BS,25.5,-76.65,81.82,83,2,11.97,clear sky,2022-06-13 00:50:24
62,Vaini,TO,-21.2,-175.2,82.56,78,40,12.66,scattered clouds,2022-06-13 00:50:24
63,Esperance,AU,-33.8667,121.9,57.04,67,86,31.65,overcast clouds,2022-06-13 00:50:24
64,Vardo,NO,70.3705,31.1107,44.58,65,25,14.97,scattered clouds,2022-06-13 00:50:25
65,Shache,CN,38.4167,77.2406,72.72,34,95,7.09,overcast clouds,2022-06-13 00:50:25
66,Kavaratti,IN,10.5669,72.642,82.24,76,100,13.69,light rain,2022-06-13 00:50:25
67,Khatanga,RU,71.9667,102.5,64.4,37,100,11.97,overcast clouds,2022-06-13 00:50:25
68,Mataura,NZ,-46.1927,168.8643,44.47,94,100,12.84,light rain,2022-06-13 00:50:26
69,Bardiyah,LY,31.7561,25.0865,71.1,88,15,16.04,few clouds,2022-06-13 00:50:26
70,Northam,GB,51.0333,-4.2167,55.62,81,21,11.65,few clouds,2022-06-13 00:50:26
71,Yar-Sale,RU,66.8333,70.8333,41.74,83,100,22.79,moderate rain,2022-06-13 00:50:27
72,North Bend,US,43.4065,-124.2243,57.07,87,100,13.8,overcast clouds,2022-06-13 00:50:27
73,Rivadavia,AR,-33.1905,-68.4608,49.82,49,44,2.57,scattered clouds,2022-06-13 00:47:15
74,Emerald,AU,-23.5333,148.1667,57.34,58,0,16.02,clear sky,2022-06-13 00:50:27
75,Lagoa,PT,39.05,-27.9833,61.95,82,49,24.45,scattered clouds,2022-06-13 00:50:27
76,Bluff,NZ,-46.6,168.3333,44.8,75,100,30.24,light rain,2022-06-13 00:50:28
77,Sitka,US,57.0531,-135.33,51.69,82,100,5.75,light rain,2022-06-13 00:50:28
78,Kundian,PK,32.4587,71.4775,88.0,34,73,5.73,broken clouds,2022-06-13 00:50:28
79,Chokurdakh,RU,70.6333,147.9167,64.08,21,11,12.26,few clouds,2022-06-13 00:50:29
80,Te Anau,NZ,-45.4167,167.7167,38.59,98,100,2.21,overcast clouds,2022-06-13 00:50:29
81,Ati,TD,13.2154,18.3353,81.75,61,100,19.91,overcast clouds,2022-06-13 00:50:29
82,Tymovskoye,RU,50.8456,142.655,65.77,53,92,6.08,overcast clouds,2022-06-13 00:50:30
83,Labuhan,ID,-6.8844,112.2051,80.42,80,100,6.06,overcast clouds,2022-06-13 00:50:30
84,Bilibino,RU,68.0546,166.4372,64.94,31,17,3.89,few clouds,2022-06-13 00:50:30
85,Chapais,CA,49.7834,-74.8492,56.98,98,100,7.05,overcast clouds,2022-06-13 00:50:30
86,Celestun,MX,20.8667,-90.4,82.65,73,79,16.78,broken clouds,2022-06-13 00:50:31
87,Lebu,CL,-37.6167,-73.65,47.93,91,100,9.4,overcast clouds,2022-06-13 00:46:53
88,Nikolskoye,RU,59.7035,30.7861,53.49,92,82,4.09,broken clouds,2022-06-13 00:50:31
89,Alice Springs,AU,-23.7,133.8833,53.15,66,0,5.75,clear sky,2022-06-13 00:50:31
90,Podgornoye,RU,51.735,39.1496,62.82,94,75,6.71,broken clouds,2022-06-13 00:50:32
91,Qaanaaq,GL,77.484,-69.3632,26.74,75,1,7.83,clear sky,2022-06-13 00:50:32
92,Albany,US,42.6001,-73.9662,68.41,81,100,1.01,overcast clouds,2022-06-13 00:45:55
93,Ribeira Grande,PT,38.5167,-28.7,62.73,77,36,23.0,scattered clouds,2022-06-13 00:50:32
94,Beinamar,TD,8.6698,15.3813,76.75,71,100,1.19,overcast clouds,2022-06-13 00:50:33
95,Puerto Madryn,AR,-42.7692,-65.0385,60.12,24,100,15.43,overcast clouds,2022-06-13 00:50:33
96,Provideniya,RU,64.3833,-173.3,40.69,64,99,3.29,overcast clouds,2022-06-13 00:50:33
97,Faanui,PF,-16.4833,-151.75,79.48,76,55,21.92,light rain,2022-06-13 00:50:34
98,Brasilia,BR,-15.7797,-47.9297,67.12,73,20,8.05,few clouds,2022-06-13 00:47:32
99,Plettenberg Bay,ZA,-34.0527,23.3716,64.81,54,100,0.76,overcast clouds,2022-06-13 00:50:34
100,Guerrero Negro,MX,27.9769,-114.0611,69.8,70,11,17.45,few clouds,2022-06-13 00:50:34
101,Saint Anthony,US,45.0205,-93.218,78.04,72,0,13.8,clear sky,2022-06-13 00:50:34
102,Vanavara,RU,60.34,102.2797,62.73,56,100,4.41,overcast clouds,2022-06-13 00:50:35
103,Tura,IN,25.5198,90.2201,74.48,98,99,6.73,moderate rain,2022-06-13 00:50:35
104,Tuatapere,NZ,-46.1333,167.6833,46.24,80,100,20.42,light rain,2022-06-13 00:50:35
105,Upernavik,GL,72.7868,-56.1549,28.96,75,50,5.84,scattered clouds,2022-06-13 00:50:36
106,Iqaluit,CA,63.7506,-68.5145,40.73,65,100,17.27,overcast clouds,2022-06-13 00:50:36
107,Veinticinco De Mayo,AR,-35.4323,-60.1727,52.99,61,15,1.01,few clouds,2022-06-13 00:50:36
108,Manono,CD,-7.3,27.4167,72.64,48,94,2.77,overcast clouds,2022-06-13 00:50:37
109,Seminole,US,28.7086,-81.2081,87.21,78,40,5.75,scattered clouds,2022-06-13 00:50:37
110,Chunskiy,RU,56.0815,99.6342,69.64,69,53,3.8,broken clouds,2022-06-13 00:50:37
111,Butaritari,KI,3.0707,172.7902,82.63,66,0,14.88,clear sky,2022-06-13 00:50:38
112,Ulaangom,MN,49.9811,92.0667,77.38,30,39,4.0,scattered clouds,2022-06-13 00:50:38
113,Victoria,HK,22.2855,114.1577,85.32,83,100,13.0,overcast clouds,2022-06-13 00:50:38
114,Pacific Grove,US,36.6177,-121.9166,71.71,86,100,9.22,overcast clouds,2022-06-13 00:48:27
115,Chippewa Falls,US,44.9369,-91.3929,77.18,66,0,9.22,clear sky,2022-06-13 00:48:05
116,Ossora,RU,59.2353,163.0719,45.16,82,100,1.03,overcast clouds,2022-06-13 00:50:39
117,Jalingo,NG,8.8833,11.3667,74.84,91,100,3.22,overcast clouds,2022-06-13 00:50:39
118,Salalah,OM,17.0151,54.0924,81.72,85,13,3.15,few clouds,2022-06-13 00:50:39
119,Suwalki,PL,54.1118,22.9309,54.28,90,100,3.8,overcast clouds,2022-06-13 00:50:40
120,Thompson,CA,55.7435,-97.8558,71.76,40,75,9.22,broken clouds,2022-06-13 00:50:40
121,Zaqatala,AZ,41.6336,46.6433,63.7,69,2,4.63,clear sky,2022-06-13 00:50:40
122,Touros,BR,-5.1989,-35.4608,76.5,83,73,10.09,broken clouds,2022-06-13 00:50:40
123,Carutapera,BR,-1.195,-46.02,75.56,87,1,5.26,clear sky,2022-06-13 00:50:41
124,Almaznyy,RU,48.0448,40.045,62.17,69,5,8.16,clear sky,2022-06-13 00:50:41
125,Corrales,US,35.2378,-106.6067,97.29,12,100,14.0,overcast clouds,2022-06-13 00:50:41
126,Acarau,BR,-2.8856,-40.12,77.16,83,63,8.68,broken clouds,2022-06-13 00:46:11
127,Puerto Ayora,EC,-0.7393,-90.3518,70.56,94,98,11.01,overcast clouds,2022-06-13 00:50:42
128,New Norfolk,AU,-42.7826,147.0587,48.92,83,85,4.23,overcast clouds,2022-06-13 00:50:42
129,Longyearbyen,SJ,78.2186,15.6401,39.04,87,100,3.44,overcast clouds,2022-06-13 00:50:42
130,Liverpool,GB,53.4106,-2.9779,55.62,77,40,13.8,scattered clouds,2022-06-13 00:50:43
131,Beringovskiy,RU,63.05,179.3167,44.42,55,20,4.41,few clouds,2022-06-13 00:50:43
132,Busing,PH,13.1514,122.9714,83.71,74,95,7.07,overcast clouds,2022-06-13 00:50:43
133,Arona,ES,28.0996,-16.681,67.82,82,75,3.44,broken clouds,2022-06-13 00:50:44
134,Samarai,PG,-10.6167,150.6667,83.08,73,59,9.71,broken clouds,2022-06-13 00:50:44
135,Oranjestad,AW,12.524,-70.027,82.35,74,40,24.16,scattered clouds,2022-06-13 00:50:44
136,Bengkulu,ID,-3.8004,102.2655,78.17,77,100,3.02,overcast clouds,2022-06-13 00:48:44
137,Nantucket,US,41.2835,-70.0995,68.11,89,75,8.05,broken clouds,2022-06-13 00:46:59
138,Port Blair,IN,11.6667,92.75,78.84,89,75,0.0,mist,2022-06-13 00:50:45
139,Qaqortoq,GL,60.7167,-46.0333,38.77,93,99,2.71,overcast clouds,2022-06-13 00:50:45
140,Zhangye,CN,38.9342,100.4517,75.61,11,0,6.31,clear sky,2022-06-13 00:50:45
141,East London,ZA,-33.0153,27.9116,75.96,30,100,10.11,overcast clouds,2022-06-13 00:48:45
142,Buala,SB,-8.145,159.5921,85.24,64,0,5.93,clear sky,2022-06-13 00:50:46
143,Jamestown,US,42.097,-79.2353,69.39,82,99,1.01,overcast clouds,2022-06-13 00:46:36
144,Brae,GB,60.3964,-1.353,50.38,95,100,19.42,overcast clouds,2022-06-13 00:50:46
145,Yellowknife,CA,62.456,-114.3525,66.72,48,75,9.22,broken clouds,2022-06-13 00:50:46
146,Alexandria,EG,31.2156,29.9553,73.36,78,20,10.36,few clouds,2022-06-13 00:50:47
147,Viedma,AR,-40.8135,-62.9967,57.13,43,100,15.21,overcast clouds,2022-06-13 00:50:24
148,Baijiantan,CN,45.6333,85.1833,89.92,20,71,13.2,broken clouds,2022-06-13 00:50:47
149,Ekhabi,RU,53.5102,142.9671,66.76,53,11,10.18,few clouds,2022-06-13 00:50:47
150,Port Augusta,AU,-32.5,137.7667,56.84,54,36,8.41,scattered clouds,2022-06-13 00:50:48
151,Asfi,MA,32.2994,-9.2372,69.26,91,8,8.66,clear sky,2022-06-13 00:50:48
152,Hovd,MN,48.0056,91.6419,75.65,30,5,3.13,clear sky,2022-06-13 00:50:48
153,Banjar,ID,-8.19,114.9675,82.42,78,89,1.83,overcast clouds,2022-06-13 00:50:48
154,Hasaki,JP,35.7333,140.8333,72.28,56,100,11.16,overcast clouds,2022-06-13 00:50:49
155,Guiratinga,BR,-16.3494,-53.7583,61.3,61,55,3.87,broken clouds,2022-06-13 00:50:49
156,Derzhavinsk,KZ,51.1,66.3167,62.35,75,100,7.4,overcast clouds,2022-06-13 00:50:49
157,Singapore,SG,1.2897,103.8501,78.66,93,75,4.61,light intensity shower rain,2022-06-13 00:48:30
158,Kodiak,US,57.79,-152.4072,63.91,55,0,11.5,smoke,2022-06-13 00:50:50
159,Seymchan,RU,62.8833,152.4333,47.73,78,100,1.68,overcast clouds,2022-06-13 00:50:50
160,Westport,US,41.1415,-73.3579,70.29,90,80,1.01,broken clouds,2022-06-13 00:50:50
161,Vidim,RU,56.4088,103.1106,65.64,68,100,6.87,light rain,2022-06-13 00:50:51
162,Narsaq,GL,60.9167,-46.05,40.91,93,100,3.4,overcast clouds,2022-06-13 00:50:51
163,Shubarshi,KZ,48.5872,57.1869,55.36,76,0,9.28,clear sky,2022-06-13 00:50:51
164,Lorengau,PG,-2.0226,147.2712,84.9,66,5,10.71,clear sky,2022-06-13 00:50:52
165,Revelstoke,CA,50.9832,-118.2023,73.42,35,40,4.61,scattered clouds,2022-06-13 00:50:52
166,Puerto Escondido,MX,15.85,-97.0667,80.94,79,100,4.5,overcast clouds,2022-06-13 00:50:52
167,Contamana,PE,-7.3333,-75.0167,68.47,70,49,3.27,scattered clouds,2022-06-13 00:50:53
168,Kochubey,RU,44.3861,46.5825,69.48,63,100,8.5,overcast clouds,2022-06-13 00:50:53
169,Barh,IN,25.4833,85.7167,87.6,67,1,10.54,clear sky,2022-06-13 00:50:53
170,Oxelosund,SE,58.6706,17.1015,52.18,82,0,11.5,clear sky,2022-06-13 00:50:53
171,Marsala,IT,37.7966,12.4352,71.55,83,20,3.44,few clouds,2022-06-13 00:50:54
172,Sao Filipe,CV,14.8961,-24.4956,72.72,86,21,3.56,few clouds,2022-06-13 00:50:54
173,Srednekolymsk,RU,67.45,153.6833,70.05,31,0,5.75,clear sky,2022-06-13 00:50:54
174,Vangaindrano,MG,-23.35,47.6,65.14,70,65,1.36,broken clouds,2022-06-13 00:50:55
175,Nouadhibou,MR,20.931,-17.0347,67.98,88,5,20.71,clear sky,2022-06-13 00:48:05
176,Bahawalpur,PK,29.4,71.6833,90.93,48,0,11.65,clear sky,2022-06-13 00:50:55
177,Rawson,AR,-43.3002,-65.1023,56.91,28,100,10.63,overcast clouds,2022-06-13 00:50:55
178,Taltal,CL,-25.4,-70.4833,58.75,76,9,5.5,clear sky,2022-06-13 00:50:56
179,Rio Gallegos,AR,-51.6226,-69.2181,41.05,87,0,2.3,clear sky,2022-06-13 00:50:56
180,Dikson,RU,73.5069,80.5464,29.71,94,100,17.56,overcast clouds,2022-06-13 00:50:56
181,Arraial Do Cabo,BR,-22.9661,-42.0278,68.54,63,100,25.37,overcast clouds,2022-06-13 00:46:49
182,Okha,RU,53.5739,142.9478,63.75,57,10,9.31,clear sky,2022-06-13 00:50:57
183,Nadym,RU,65.5333,72.5167,45.5,76,99,25.23,overcast clouds,2022-06-13 00:50:57
184,Itarema,BR,-2.9248,-39.9167,76.64,83,22,7.81,few clouds,2022-06-13 00:50:57
185,Saint-Pierre,RE,-21.3393,55.4781,73.9,94,100,31.07,overcast clouds,2022-06-13 00:50:57
186,Khani,GE,41.9563,42.9566,56.77,74,0,5.3,clear sky,2022-06-13 00:50:58
187,San Jose,US,37.3394,-121.895,74.52,71,75,21.85,broken clouds,2022-06-13 00:49:51
188,Tessalit,ML,20.1986,1.0114,83.95,28,7,8.84,clear sky,2022-06-13 00:50:58
189,San Rafael Del Sur,NI,11.8485,-86.4384,81.57,86,100,9.69,overcast clouds,2022-06-13 00:50:58
190,Kaitangata,NZ,-46.2817,169.8464,45.7,90,100,22.06,overcast clouds,2022-06-13 00:50:59
191,San Patricio,US,28.017,-97.5169,90.18,66,4,17.49,clear sky,2022-06-13 00:50:59
192,Colac,AU,-38.3333,143.5833,48.83,79,100,1.36,overcast clouds,2022-06-13 00:47:41
193,Sambava,MG,-14.2667,50.1667,68.56,83,0,10.56,clear sky,2022-06-13 00:50:59
194,Port Elizabeth,ZA,-33.918,25.5701,70.32,36,0,8.99,clear sky,2022-06-13 00:48:32
195,Vanimo,PG,-2.6741,141.3028,84.04,67,11,7.83,few clouds,2022-06-13 00:51:00
196,Faya,SA,18.3851,42.4509,66.72,18,2,2.19,clear sky,2022-06-13 00:51:00
197,Flin Flon,CA,54.7682,-101.865,68.34,53,59,10.78,broken clouds,2022-06-13 00:51:00
198,Aranyosapati,HU,48.206,22.2592,63.88,73,0,6.98,clear sky,2022-06-13 00:51:01
199,Castro,BR,-24.7911,-50.0119,39.63,66,0,4.27,clear sky,2022-06-13 00:51:01
200,Mackay,AU,-21.15,149.2,67.68,45,0,8.86,clear sky,2022-06-13 00:51:01
201,Vila Velha,BR,-20.3297,-40.2925,71.55,89,100,9.22,overcast clouds,2022-06-13 00:51:01
202,Saskylakh,RU,71.9167,114.0833,66.76,34,3,8.75,clear sky,2022-06-13 00:51:02
203,Mount Gambier,AU,-37.8333,140.7667,55.62,64,68,1.66,broken clouds,2022-06-13 00:51:02
204,Mahebourg,MU,-20.4081,57.7,71.89,88,75,14.97,broken clouds,2022-06-13 00:51:02
205,Marawi,PH,7.9986,124.2928,79.39,68,100,1.3,overcast clouds,2022-06-13 00:51:03
206,Yaan,NG,7.3833,8.5667,73.58,91,100,3.71,overcast clouds,2022-06-13 00:51:03
207,Bethel,US,41.3712,-73.414,69.49,90,50,4.16,scattered clouds,2022-06-13 00:49:15
208,Egvekinot,RU,66.3167,-179.1667,44.94,40,100,1.92,overcast clouds,2022-06-13 00:51:03
209,Mwinilunga,ZM,-11.7358,24.4293,51.15,70,4,4.32,clear sky,2022-06-13 00:51:04
210,Talnakh,RU,69.4865,88.3972,63.21,37,63,2.86,broken clouds,2022-06-13 00:51:04
211,Sembe,CG,1.6481,14.5806,70.9,93,100,2.59,overcast clouds,2022-06-13 00:51:04
212,Mandan,US,46.8267,-100.8896,75.18,78,0,12.66,light rain,2022-06-13 00:51:04
213,Prainha,BR,-1.8,-53.48,72.97,96,78,0.58,light rain,2022-06-13 00:51:05
214,Kahului,US,20.8947,-156.47,84.22,71,20,28.77,few clouds,2022-06-13 00:50:50
215,Londoko,RU,49.0333,131.9833,71.82,49,100,6.64,overcast clouds,2022-06-13 00:51:05
216,Launceston,AU,-41.45,147.1667,46.35,70,5,2.3,clear sky,2022-06-13 00:49:27
217,Cherskiy,RU,68.75,161.3,68.29,31,12,2.93,few clouds,2022-06-13 00:51:05
218,Kijang,KR,35.2442,129.2139,69.53,72,100,17.2,overcast clouds,2022-06-13 00:51:06
219,Koungou,YT,-12.7336,45.2042,76.71,78,0,9.22,light rain,2022-06-13 00:51:06
220,Bilma,NE,18.6853,12.9164,89.82,12,1,8.52,clear sky,2022-06-13 00:51:06
221,Port Hawkesbury,CA,45.6169,-61.3485,64.62,79,0,3.0,clear sky,2022-06-13 00:51:07
222,Eyl,SO,7.9803,49.8164,81.01,63,100,24.27,overcast clouds,2022-06-13 00:51:07
223,Lluta,PE,-16.0147,-72.0142,47.71,29,0,0.47,clear sky,2022-06-13 00:51:07
224,Ridgecrest,US,35.6225,-117.6709,93.65,20,2,20.0,clear sky,2022-06-13 00:51:08
225,Havre-Saint-Pierre,CA,50.2334,-63.5986,57.56,67,0,3.44,clear sky,2022-06-13 00:51:08
226,Sobolevo,RU,54.4299,31.8996,54.88,94,12,6.35,few clouds,2022-06-13 00:51:08
227,Arlit,NE,18.7369,7.3853,94.71,17,100,7.09,overcast clouds,2022-06-13 00:51:08
228,America Dourada,BR,-11.4553,-41.4361,69.78,71,42,4.7,scattered clouds,2022-06-13 00:51:09
229,Olafsvik,IS,64.8945,-23.7142,47.12,86,100,13.35,light rain,2022-06-13 00:51:09
230,Caravelas,BR,-17.7125,-39.2481,72.57,89,98,4.65,overcast clouds,2022-06-13 00:51:09
231,Lavrentiya,RU,65.5833,-171.0,39.96,64,100,3.8,overcast clouds,2022-06-13 00:51:10
232,College,US,64.8569,-147.8028,69.1,43,100,3.44,smoke,2022-06-13 00:46:45
233,Camacha,PT,33.0833,-16.3333,63.82,72,40,5.75,scattered clouds,2022-06-13 00:51:10
234,Nanortalik,GL,60.1432,-45.2371,36.45,93,85,10.6,overcast clouds,2022-06-13 00:51:10
235,Koppal,IN,15.35,76.15,75.09,76,99,13.22,overcast clouds,2022-06-13 00:51:11
236,Pevek,RU,69.7008,170.3133,39.27,61,89,11.18,overcast clouds,2022-06-13 00:51:11
237,Mbini,GQ,1.574,9.6134,76.05,88,100,4.59,overcast clouds,2022-06-13 00:51:11
238,Souillac,MU,-20.5167,57.5167,71.98,88,75,14.97,light rain,2022-06-13 00:51:11
239,Anadyr,RU,64.75,177.4833,59.5,41,0,4.47,clear sky,2022-06-13 00:51:12
240,Tombouctou,ML,20.0,-3.0,86.81,29,77,8.59,broken clouds,2022-06-13 00:51:12
241,Neryungri,RU,56.6709,124.6491,49.51,92,100,3.09,moderate rain,2022-06-13 00:51:12
242,Christchurch,NZ,-43.5333,172.6333,47.41,77,75,14.97,broken clouds,2022-06-13 00:50:04
243,Marzuq,YE,14.4,46.4667,79.27,19,100,3.76,overcast clouds,2022-06-13 00:51:13
244,Bundaberg,AU,-24.85,152.35,61.7,52,2,6.93,clear sky,2022-06-13 00:51:13
245,Rawlins,US,41.7911,-107.2387,89.49,9,0,32.21,clear sky,2022-06-13 00:51:13
246,Beitbridge,ZW,-22.2167,30.0,56.23,54,0,2.51,clear sky,2022-06-13 00:51:14
247,San Rafael,AR,-34.6177,-68.3301,52.39,38,98,8.19,overcast clouds,2022-06-13 00:51:14
248,Namatanai,PG,-3.6667,152.4333,83.37,69,31,8.03,moderate rain,2022-06-13 00:51:14
249,Basco,PH,20.4487,121.9702,85.03,79,56,15.61,broken clouds,2022-06-13 00:51:15
250,Kruisfontein,ZA,-34.0033,24.7314,63.14,46,100,2.21,overcast clouds,2022-06-13 00:51:15
251,Wangkui,CN,46.8333,126.5,62.22,91,100,12.66,overcast clouds,2022-06-13 00:51:15
252,Arkadelphia,US,34.1209,-93.0538,92.37,73,20,6.91,few clouds,2022-06-13 00:46:46
253,Rudbar,AF,30.15,62.6,82.98,28,0,2.73,clear sky,2022-06-13 00:51:15
254,Springdale,US,36.1867,-94.1288,91.53,66,0,12.66,clear sky,2022-06-13 00:51:02
255,Saint-Augustin,CA,51.226,-58.6502,56.07,69,93,4.5,overcast clouds,2022-06-13 00:51:16
256,Cayenne,GF,4.9333,-52.3333,82.09,1,20,0.0,few clouds,2022-06-13 00:51:16
257,Konch,IN,25.9833,79.15,94.12,37,20,9.44,few clouds,2022-06-13 00:51:17
258,Tiarei,PF,-17.5333,-149.3333,84.22,69,3,20.07,clear sky,2022-06-13 00:51:17
259,Khandyga,RU,62.6667,135.6,59.85,65,100,5.12,overcast clouds,2022-06-13 00:51:17
260,La Ronge,CA,55.1001,-105.2842,64.65,63,75,2.3,broken clouds,2022-06-13 00:51:18
261,Tumaco,CO,1.7986,-78.8156,77.43,83,100,7.29,overcast clouds,2022-06-13 00:51:18
262,Ambulu,ID,-8.345,113.6058,79.14,83,98,1.95,overcast clouds,2022-06-13 00:51:18
263,Balabac,PH,7.9868,117.0645,84.76,63,100,3.78,overcast clouds,2022-06-13 00:51:19
264,Peleduy,RU,59.6289,112.7406,63.73,41,100,1.36,overcast clouds,2022-06-13 00:51:19
265,Khetia,IN,21.6667,74.5833,80.8,76,61,6.58,broken clouds,2022-06-13 00:51:19
266,Pychas,RU,56.5033,52.4409,45.1,94,7,5.14,clear sky,2022-06-13 00:51:20
267,Hambantota,LK,6.1241,81.1185,77.34,100,20,3.44,few clouds,2022-06-13 00:51:20
268,Fairbanks,US,64.8378,-147.7164,69.1,43,20,3.44,haze,2022-06-13 00:50:17
269,Atambua,ID,-9.1061,124.8925,78.26,58,62,5.46,broken clouds,2022-06-13 00:51:20
270,Malakal,SS,9.5334,31.6605,81.28,55,100,2.86,overcast clouds,2022-06-13 00:51:21
271,Prince Rupert,CA,54.3161,-130.3201,53.69,81,100,10.36,overcast clouds,2022-06-13 00:51:21
272,Pecanha,BR,-18.5486,-42.5569,62.58,75,25,0.4,scattered clouds,2022-06-13 00:51:21
273,Leningradskiy,RU,69.3833,178.4167,36.03,82,97,10.0,overcast clouds,2022-06-13 00:51:22
274,Hamilton,US,39.1834,-84.5333,80.55,83,0,5.75,clear sky,2022-06-13 00:51:22
275,Hualmay,PE,-11.0964,-77.6139,63.32,79,19,11.54,few clouds,2022-06-13 00:51:22
276,Foam Lake,CA,51.65,-103.5343,69.82,68,96,5.7,overcast clouds,2022-06-13 00:51:23
277,Ostersund,SE,63.1792,14.6357,49.6,100,75,17.0,drizzle,2022-06-13 00:51:23
278,Cabedelo,BR,-6.9811,-34.8339,75.87,81,9,8.3,clear sky,2022-06-13 00:51:23
279,Araouane,ML,18.9048,-3.5265,86.68,30,4,10.18,clear sky,2022-06-13 00:51:23
280,Sao Sebastiao,BR,-23.76,-45.4097,58.55,66,100,5.26,overcast clouds,2022-06-13 00:51:24
281,Belmonte,BR,-15.8631,-38.8828,74.01,79,100,4.38,overcast clouds,2022-06-13 00:51:24
282,Nova Olimpia,BR,-14.7972,-57.2881,58.69,78,10,2.71,clear sky,2022-06-13 00:51:24
283,Sumenep,ID,-7.0167,113.8667,82.56,77,100,8.55,overcast clouds,2022-06-13 00:51:25
284,Byron Bay,AU,-28.65,153.6167,63.95,62,58,7.76,broken clouds,2022-06-13 00:51:25
285,Sept-Iles,CA,50.2001,-66.3821,59.52,70,75,2.3,broken clouds,2022-06-13 00:51:25
286,Norman Wells,CA,65.282,-126.8329,41.04,93,100,14.97,light intensity shower rain,2022-06-13 00:51:25
287,Walvis Bay,NA,-22.9575,14.5053,61.09,62,0,3.44,clear sky,2022-06-13 00:51:26
288,Arman,RU,59.7,150.1667,52.02,79,72,6.33,broken clouds,2022-06-13 00:51:26
289,Tanete,ID,-3.9443,119.7848,78.64,89,100,1.43,light rain,2022-06-13 00:51:26
290,Hilo,US,19.7297,-155.09,90.28,65,100,9.22,overcast clouds,2022-06-13 00:50:51
291,Tiksi,RU,71.6872,128.8694,45.46,68,95,5.26,overcast clouds,2022-06-13 00:51:27
292,Oktyabrskiy,RU,54.4815,53.471,47.57,92,98,3.96,overcast clouds,2022-06-13 00:51:27
293,Batagay-Alyta,RU,67.8006,130.4114,65.17,31,100,18.1,overcast clouds,2022-06-13 00:51:27
294,Sindal,DK,57.4712,10.2031,53.33,91,97,10.98,overcast clouds,2022-06-13 00:51:28
295,Lima,PE,-12.0432,-77.0282,61.9,82,100,10.36,overcast clouds,2022-06-13 00:51:28
296,Mandapam,IN,9.2833,79.1167,83.71,68,100,6.06,overcast clouds,2022-06-13 00:51:28
297,Manadhoo,MV,5.7667,73.3833,82.83,76,100,8.81,overcast clouds,2022-06-13 00:51:28
298,Hami,CN,42.8,93.45,86.81,6,0,9.37,clear sky,2022-06-13 00:51:29
299,Wajima,JP,37.4,136.9,66.88,72,75,9.22,broken clouds,2022-06-13 00:51:29
300,Maniitsoq,GL,65.4167,-52.9,34.02,85,98,29.24,snow,2022-06-13 00:51:29
301,Clyde River,CA,70.4692,-68.5914,37.63,60,75,3.44,broken clouds,2022-06-13 00:51:30
302,Isheyevka,RU,54.4167,48.2667,44.11,90,4,4.05,clear sky,2022-06-13 00:51:30
303,Labytnangi,RU,66.6572,66.4183,48.09,55,100,13.49,overcast clouds,2022-06-13 00:51:30
304,Urubicha,BO,-15.3833,-62.95,54.34,49,0,2.8,clear sky,2022-06-13 00:51:31
305,Flinders,AU,-34.5833,150.8552,58.17,60,3,4.0,clear sky,2022-06-13 00:51:31
306,Gushikawa,JP,26.3544,127.8686,84.2,90,75,19.57,broken clouds,2022-06-13 00:51:31
307,Markivka,UA,49.5229,39.5705,61.9,78,100,3.69,overcast clouds,2022-06-13 00:51:31
308,Cadillac,US,44.2519,-85.4012,62.51,51,0,3.44,clear sky,2022-06-13 00:51:32
309,Tibati,CM,6.4667,12.6333,64.54,98,100,2.01,overcast clouds,2022-06-13 00:51:32
310,Apatity,RU,67.5641,33.4031,53.51,83,100,2.24,light rain,2022-06-13 00:51:32
311,Estelle,US,29.8458,-90.1067,89.01,71,66,8.01,broken clouds,2022-06-13 00:51:33
312,Qianan,CN,44.9932,124.0581,66.83,76,100,17.94,moderate rain,2022-06-13 00:51:33
313,San Andres,CO,12.5847,-81.7006,82.42,83,75,6.91,broken clouds,2022-06-13 00:51:33
314,Kaspiyskiy,RU,45.3929,47.3707,69.78,57,54,3.09,broken clouds,2022-06-13 00:51:34
315,Tomatlan,MX,19.9333,-105.25,84.9,64,73,7.94,broken clouds,2022-06-13 00:51:34
316,Sisimiut,GL,66.9395,-53.6735,32.86,76,100,21.21,overcast clouds,2022-06-13 00:51:34
317,Yining,CN,29.0361,114.5636,69.87,97,100,0.72,overcast clouds,2022-06-13 00:51:34
318,Saldanha,ZA,-33.0117,17.9442,57.25,91,100,15.84,light rain,2022-06-13 00:51:35
319,Tabou,CI,4.423,-7.3528,77.41,79,100,8.9,overcast clouds,2022-06-13 00:51:35
320,Madang,PG,-5.2246,145.7966,84.54,65,9,5.7,clear sky,2022-06-13 00:51:35
321,Rabo De Peixe,PT,37.8,-25.5833,62.28,95,20,8.05,few clouds,2022-06-13 00:51:36
322,Santa Maria,BR,-29.6842,-53.8069,42.1,87,0,0.0,clear sky,2022-06-13 00:47:03
323,Awbari,LY,26.5921,12.7805,77.81,26,60,7.43,broken clouds,2022-06-13 00:51:36
324,Geraldton,AU,-28.7667,114.6,61.21,82,40,4.61,scattered clouds,2022-06-13 00:51:36
325,Ilesha,NG,7.1371,5.2583,70.74,99,96,1.03,overcast clouds,2022-06-13 00:51:37
326,Erzurum,TR,40.0,41.5,51.48,93,1,6.67,clear sky,2022-06-13 00:51:37
327,Fallon,US,39.4735,-118.7774,82.27,18,40,34.52,dust,2022-06-13 00:51:37
328,Poum,NC,-20.2333,164.0167,75.72,79,100,5.46,overcast clouds,2022-06-13 00:51:37
329,Palmer,US,42.1584,-72.3287,69.35,77,100,9.22,overcast clouds,2022-06-13 00:51:38
330,Rudnogorsk,RU,57.2639,103.7519,67.06,46,96,4.52,overcast clouds,2022-06-13 00:51:38
331,Straubing,DE,48.8833,12.5667,65.57,79,100,7.49,moderate rain,2022-06-13 00:51:38
332,Mitsamiouli,KM,-11.3847,43.2844,76.71,69,7,4.59,clear sky,2022-06-13 00:51:39
333,Santa Rosa,PH,14.3122,121.1114,89.58,75,91,5.14,overcast clouds,2022-06-13 00:51:39
334,Nara,JP,34.6851,135.8049,74.5,38,100,4.41,overcast clouds,2022-06-13 00:51:39
335,North Myrtle Beach,US,33.816,-78.68,80.69,88,0,19.57,clear sky,2022-06-13 00:48:27
336,Maceio,BR,-9.6658,-35.7353,72.84,94,20,3.44,few clouds,2022-06-13 00:51:39
337,Morondava,MG,-20.2833,44.2833,68.83,61,0,12.19,clear sky,2022-06-13 00:51:40
338,Cangzhou,CN,38.3167,116.8667,82.0,45,36,10.27,scattered clouds,2022-06-13 00:51:40
339,Lapeer,US,43.0514,-83.3188,70.29,77,0,3.44,clear sky,2022-06-13 00:51:40
340,Ancud,CL,-41.8697,-73.8203,51.22,88,100,14.72,light rain,2022-06-13 00:51:41
341,Mednogorskiy,RU,43.9178,41.1825,57.99,91,100,4.27,overcast clouds,2022-06-13 00:51:41
342,Barcelos,PT,41.5388,-8.6151,74.84,77,6,3.24,clear sky,2022-06-13 00:51:41
343,Mogwase,ZA,-25.185,27.2665,48.13,58,0,2.44,clear sky,2022-06-13 00:51:41
344,Minsk,BY,53.9,27.5667,55.15,92,17,7.16,few clouds,2022-06-13 00:50:58
345,Barranca,PE,-10.75,-77.7667,62.2,82,16,10.49,few clouds,2022-06-13 00:51:42
346,Broome,US,42.2506,-75.833,67.69,87,100,1.99,overcast clouds,2022-06-13 00:51:42
347,Rey Bouba,CM,8.6724,14.1786,76.53,76,100,1.07,overcast clouds,2022-06-13 00:51:43
348,Chatra,IN,24.2167,84.8667,91.26,25,18,9.08,few clouds,2022-06-13 00:51:43
349,Abha,SA,18.2164,42.5053,66.45,42,0,0.0,clear sky,2022-06-13 00:51:43
350,Klyuchi,RU,52.2667,79.1667,72.79,41,100,5.66,overcast clouds,2022-06-13 00:51:43
351,Da Nang,VN,16.0678,108.2208,87.78,62,0,4.61,clear sky,2022-06-13 00:51:44
352,Pangkalanbuun,ID,-2.6833,111.6167,79.61,83,100,2.59,overcast clouds,2022-06-13 00:51:44
353,Koregaon,IN,18.65,74.0833,75.11,81,32,5.39,scattered clouds,2022-06-13 00:51:44
354,Vostochnyy,RU,55.8167,37.8667,59.38,76,9,4.99,clear sky,2022-06-13 00:51:45
355,Samoylovka,RU,51.184,43.7081,53.01,83,0,7.27,clear sky,2022-06-13 00:51:45
356,Aklavik,CA,68.2191,-135.0107,42.93,71,100,12.93,overcast clouds,2022-06-13 00:51:45
357,Sarahan,IN,31.5167,77.8,63.46,50,12,4.12,few clouds,2022-06-13 00:51:45
358,Pionerskiy,RU,54.9508,20.2275,52.75,79,100,8.23,overcast clouds,2022-06-13 00:51:46
359,Los Llanos De Aridane,ES,28.6585,-17.9182,66.13,93,100,6.91,overcast clouds,2022-06-13 00:51:46
360,Ruidoso,US,33.3317,-105.673,86.86,15,0,17.27,clear sky,2022-06-13 00:48:07
361,Naples,IT,40.8333,14.25,74.61,52,0,3.44,clear sky,2022-06-13 00:51:46
362,Beloha,MG,-25.1667,45.05,60.19,72,0,9.69,clear sky,2022-06-13 00:51:47
363,Klaksvik,FO,62.2266,-6.589,47.32,95,98,14.74,overcast clouds,2022-06-13 00:51:47
364,Puerto Penasco,MX,31.3167,-113.5333,84.9,72,0,9.64,clear sky,2022-06-13 00:51:47
365,Ntcheu,MW,-14.8203,34.6359,51.42,86,0,3.4,clear sky,2022-06-13 00:51:48
366,Abu Samrah,SY,35.3029,37.1841,67.21,73,0,15.93,clear sky,2022-06-13 00:51:48
367,Saint-Georges,GD,12.0564,-61.7485,82.08,74,20,16.11,few clouds,2022-06-13 00:51:48
368,Hithadhoo,MV,-0.6,73.0833,83.55,73,100,7.96,light rain,2022-06-13 00:51:49
369,Ryotsu,JP,38.0833,138.4333,61.59,74,31,8.21,scattered clouds,2022-06-13 00:51:49
370,Zhumadian,CN,32.9794,114.0294,80.96,48,100,5.91,overcast clouds,2022-06-13 00:51:49
371,Komsomolskiy,UZ,40.4272,71.7189,70.52,60,100,4.61,overcast clouds,2022-06-13 00:51:50
372,Jaru,BR,-10.4389,-62.4664,73.0,71,98,5.5,overcast clouds,2022-06-13 00:51:19
373,Sistranda,NO,63.7256,8.834,51.76,87,100,22.7,light rain,2022-06-13 00:51:50
374,Kashi,CN,39.4547,75.9797,70.81,32,20,8.95,few clouds,2022-06-13 00:51:50
375,Ngawen,ID,-7.0032,111.3129,78.71,83,100,3.56,overcast clouds,2022-06-13 00:51:51
376,Isangel,VU,-19.55,169.2667,84.31,84,75,6.91,broken clouds,2022-06-13 00:51:51
377,Coron,PH,11.9986,120.2043,84.16,75,18,5.08,few clouds,2022-06-13 00:51:51
378,Haines Junction,CA,60.7522,-137.5108,62.55,36,100,6.91,overcast clouds,2022-06-13 00:51:51
379,Benjamin Aceval,PY,-24.9667,-57.5667,46.6,66,0,3.8,clear sky,2022-06-13 00:51:52
380,Maputo,MZ,-25.9653,32.5892,59.23,82,0,5.75,clear sky,2022-06-13 00:50:33
381,Cabo San Lucas,MX,22.8909,-109.9124,84.51,36,0,19.57,clear sky,2022-06-13 00:48:44
382,Ciudad Bolivar,VE,8.1222,-63.5497,76.35,87,100,3.91,overcast clouds,2022-06-13 00:51:52
383,Atar,MR,20.5169,-13.0499,94.87,9,5,6.22,clear sky,2022-06-13 00:51:52
384,Oksfjord,NO,70.2396,22.3479,43.0,84,82,4.61,broken clouds,2022-06-13 00:51:53
385,Redmond,US,47.674,-122.1215,59.59,74,100,5.99,overcast clouds,2022-06-13 00:50:57
386,Oranjemund,NA,-28.55,16.4333,58.91,59,100,6.87,overcast clouds,2022-06-13 00:51:53
387,Yumen,CN,40.2833,97.2,74.82,9,0,10.69,clear sky,2022-06-13 00:51:53
388,Kaffrine,SN,14.1059,-15.5508,79.34,69,100,12.39,overcast clouds,2022-06-13 00:51:54
389,Charters Towers,AU,-20.1,146.2667,62.46,35,0,9.55,clear sky,2022-06-13 00:51:54
390,Nyurba,RU,63.2842,118.3319,60.89,52,58,7.49,broken clouds,2022-06-13 00:51:54
391,Mariental,NA,-24.6333,17.9667,56.8,42,2,10.04,clear sky,2022-06-13 00:51:55
392,Dali,CN,25.7,100.1833,67.14,80,100,3.53,overcast clouds,2022-06-13 00:51:55
393,Andenes,NO,69.3143,16.1194,44.58,87,100,14.97,overcast clouds,2022-06-13 00:51:55
394,Fomboni,KM,-12.28,43.7425,79.57,66,5,15.55,clear sky,2022-06-13 00:51:55
395,Vung Tau,VN,10.346,107.0843,82.36,77,30,4.5,scattered clouds,2022-06-13 00:51:56
396,Fria,GN,10.4167,-13.5833,72.21,97,100,1.3,moderate rain,2022-06-13 00:51:56
397,Isilkul,RU,54.9109,71.2728,58.3,82,100,5.7,overcast clouds,2022-06-13 00:51:56
398,San Fernando,PH,15.0286,120.6898,87.53,66,95,4.12,overcast clouds,2022-06-13 00:50:53
399,Kristiansund,NO,63.1115,7.732,53.65,82,100,9.22,light intensity drizzle,2022-06-13 00:51:57
400,Lazaro Cardenas,MX,17.9583,-102.2,83.73,69,2,5.77,clear sky,2022-06-13 00:51:57
401,Taxisco,GT,14.0708,-90.4631,79.88,92,100,0.16,overcast clouds,2022-06-13 00:51:57
402,Hassleholm,SE,56.1591,13.7664,51.58,98,13,5.14,few clouds,2022-06-13 00:51:58
403,Petropavlovsk-Kamchatskiy,RU,53.0452,158.6483,64.99,34,40,11.18,scattered clouds,2022-06-13 00:51:58
404,Kuruman,ZA,-27.4524,23.4325,50.99,52,4,8.66,clear sky,2022-06-13 00:51:58
405,Robe,AU,-37.1833,139.75,54.97,72,100,6.93,overcast clouds,2022-06-13 00:51:58
406,Totskoye,RU,52.5248,52.7623,50.76,81,100,7.38,overcast clouds,2022-06-13 00:51:59
407,Osakarovka,KZ,50.565,72.5692,65.5,57,6,10.74,clear sky,2022-06-13 00:51:59
408,Evensk,RU,61.95,159.2333,44.56,82,100,6.04,overcast clouds,2022-06-13 00:51:59
409,Port Shepstone,ZA,-30.7414,30.455,62.8,46,5,6.26,clear sky,2022-06-13 00:52:00
410,Coffs Harbour,AU,-30.3,153.1333,62.56,42,58,11.5,broken clouds,2022-06-13 00:52:00
411,Seredka,RU,58.1584,28.1858,60.55,84,100,6.71,overcast clouds,2022-06-13 00:52:00
412,Wahiawa,US,21.5028,-158.0236,84.52,64,100,14.97,overcast clouds,2022-06-13 00:52:01
413,Rio Claro,BR,-22.4114,-47.5614,53.26,48,100,2.62,overcast clouds,2022-06-13 00:47:46
414,Tignere,CM,7.3667,12.65,62.8,93,100,1.68,overcast clouds,2022-06-13 00:52:01
415,Tlachichuca,MX,19.1,-97.4167,56.61,72,100,8.84,overcast clouds,2022-06-13 00:52:01
416,Pokaran,IN,26.9167,71.9167,84.76,58,1,9.01,clear sky,2022-06-13 00:52:01
417,Belaya Gora,RU,68.5333,146.4167,70.56,27,6,15.21,clear sky,2022-06-13 00:52:02
418,Udimskiy,RU,61.1417,45.9144,46.58,71,50,3.44,scattered clouds,2022-06-13 00:52:02
419,Nouakchott,MR,18.0858,-15.9785,73.33,83,18,13.42,few clouds,2022-06-13 00:49:42
420,Toora-Khem,RU,52.4675,96.11,70.43,58,100,0.81,overcast clouds,2022-06-13 00:52:02
421,Concordia,AR,-31.393,-58.0209,45.79,94,0,3.53,clear sky,2022-06-13 00:48:31
422,Henties Bay,NA,-22.116,14.2845,60.89,74,0,5.41,clear sky,2022-06-13 00:52:03
423,Teya,RU,60.3778,92.6267,66.87,70,47,3.27,light rain,2022-06-13 00:52:03
424,Muncar,ID,-8.4333,114.3333,81.0,83,100,8.59,overcast clouds,2022-06-13 00:52:03
425,Ixtapa,MX,20.7,-105.2,85.23,79,100,7.0,overcast clouds,2022-06-13 00:52:04
426,Vitry-Le-Francois,FR,48.7333,4.5833,57.61,84,0,6.15,clear sky,2022-06-13 00:48:18
427,Praia Da Vitoria,PT,38.7333,-27.0667,61.75,88,75,15.93,broken clouds,2022-06-13 00:52:04
428,Vilkija,LT,55.05,23.5833,53.53,87,100,4.12,overcast clouds,2022-06-13 00:52:04
429,Hanstholm,DK,57.1167,8.6167,52.54,78,97,16.44,overcast clouds,2022-06-13 00:52:05
430,Areosa,PT,41.7178,-8.8571,68.22,85,30,3.13,scattered clouds,2022-06-13 00:52:05
431,Borovskiy,RU,57.041,65.7202,54.0,97,100,6.4,overcast clouds,2022-06-13 00:52:05
432,Tanout,NE,14.9709,8.8879,82.33,52,50,16.64,scattered clouds,2022-06-13 00:52:06
433,Youkounkoun,GN,12.5333,-13.1333,75.09,86,100,3.24,moderate rain,2022-06-13 00:52:06
434,Poykovskiy,RU,61.2333,73.3333,59.29,93,75,6.71,broken clouds,2022-06-13 00:52:06
435,Puerto Quijarro,BO,-17.7833,-57.7667,52.95,40,1,3.76,clear sky,2022-06-13 00:52:06
436,Laja,CL,-37.2667,-72.7,43.48,95,76,3.29,broken clouds,2022-06-13 00:52:07
437,Roma,US,43.2128,-75.4557,67.73,94,100,6.91,overcast clouds,2022-06-13 00:49:03
438,Yenagoa,NG,4.9247,6.2642,75.22,96,100,3.27,light rain,2022-06-13 00:52:07
439,Tongliao,CN,43.6125,122.2653,64.87,78,100,17.94,light rain,2022-06-13 00:52:07
440,Grindavik,IS,63.8424,-22.4338,48.15,93,100,14.97,light intensity drizzle,2022-06-13 00:52:08
441,Alvorada,BR,-12.48,-49.1247,77.88,47,65,2.17,broken clouds,2022-06-13 00:52:08
442,Alta,NO,69.9689,23.2717,42.19,78,19,3.44,few clouds,2022-06-13 00:52:08
443,Kita,ML,13.0349,-9.4895,88.41,42,100,2.86,overcast clouds,2022-06-13 00:52:09
444,Kaitong,CN,44.8135,123.15,70.14,65,88,17.54,overcast clouds,2022-06-13 00:52:09
445,Najran,SA,17.4924,44.1277,75.85,23,100,7.07,overcast clouds,2022-06-13 00:52:09
446,Vila Franca Do Campo,PT,37.7167,-25.4333,63.19,88,9,4.76,clear sky,2022-06-13 00:52:09
447,Manavalakurichi,IN,8.1333,77.3,78.53,80,99,12.8,overcast clouds,2022-06-13 00:52:10
448,Lancaster,US,40.2504,-76.2499,72.55,89,100,4.0,overcast clouds,2022-06-13 00:48:28
449,Campbell River,CA,50.0163,-125.2446,65.59,45,75,10.36,broken clouds,2022-06-13 00:50:03
450,Bambanglipuro,ID,-7.95,110.2833,78.22,83,100,2.57,overcast clouds,2022-06-13 00:52:10
451,Atagay,RU,55.1033,99.3875,73.44,60,100,2.3,overcast clouds,2022-06-13 00:52:10
452,Zemio,CF,5.0314,25.1361,67.77,98,100,2.89,overcast clouds,2022-06-13 00:52:11
453,Pangnirtung,CA,66.1451,-65.7125,30.49,90,76,0.4,broken clouds,2022-06-13 00:52:11
454,Songjianghe,CN,42.1859,127.479,69.6,49,100,5.48,overcast clouds,2022-06-13 00:52:11
455,Bandundu,CD,-3.3167,17.3667,73.4,52,93,3.56,overcast clouds,2022-06-13 00:52:12
456,Zhanaozen,KZ,43.3,52.8,73.72,32,100,9.19,overcast clouds,2022-06-13 00:52:12
457,Sunnyside,US,46.3237,-120.0087,57.0,88,100,9.22,moderate rain,2022-06-13 00:52:12
458,Winnemucca,US,40.973,-117.7357,71.65,37,100,28.77,haze,2022-06-13 00:51:40
459,Thinadhoo,MV,0.5333,72.9333,83.79,72,99,7.81,overcast clouds,2022-06-13 00:52:13
460,Arawa,PG,-6.2132,155.5367,86.92,62,25,5.32,scattered clouds,2022-06-13 00:52:13
461,Carthage,TN,36.8611,10.3316,71.13,53,20,3.44,few clouds,2022-06-13 00:52:13
462,Zeya,RU,53.75,127.2667,65.93,75,100,5.17,overcast clouds,2022-06-13 00:52:13
463,Sao Joao Da Barra,BR,-21.6403,-41.0511,68.99,76,100,16.58,overcast clouds,2022-06-13 00:48:33
464,Coihaique,CL,-45.5752,-72.0662,38.01,87,75,0.0,light intensity shower rain,2022-06-13 00:48:10
465,Pyay,MM,18.8167,95.2167,81.5,79,76,7.83,broken clouds,2022-06-13 00:52:14
466,Usogorsk,RU,63.4106,48.6872,48.36,60,84,3.51,broken clouds,2022-06-13 00:52:14
467,Nome,US,64.5011,-165.4064,51.17,53,100,8.05,overcast clouds,2022-06-13 00:48:53
468,Abu Dhabi,AE,24.4667,54.3667,89.62,70,0,8.05,clear sky,2022-06-13 00:52:15
469,Lata,PT,40.1629,-8.3327,66.07,75,5,2.37,clear sky,2022-06-13 00:52:15
470,Riyadh,SA,24.6877,46.7219,87.94,13,0,4.94,clear sky,2022-06-13 00:52:15
471,Paamiut,GL,61.994,-49.6678,35.22,76,89,25.46,overcast clouds,2022-06-13 00:52:15
472,Muscatine,US,41.4667,-91.1335,86.18,70,20,4.61,few clouds,2022-06-13 00:50:48
473,Skibbereen,IE,51.55,-9.2667,55.11,81,46,8.57,scattered clouds,2022-06-13 00:52:16
474,Manzanillo,CU,20.3433,-77.1167,79.18,81,100,3.04,overcast clouds,2022-06-13 00:52:16
475,Karratha,AU,-20.7377,116.8463,76.53,48,5,12.55,clear sky,2022-06-13 00:52:16
476,Linqu,CN,36.5156,118.5397,79.12,51,0,8.79,clear sky,2022-06-13 00:52:17
477,Camana,PE,-16.6228,-72.7111,61.7,81,25,7.2,scattered clouds,2022-06-13 00:52:17
478,Madimba,TZ,-10.4,40.3333,69.57,89,7,9.51,clear sky,2022-06-13 00:52:17
479,La Palma,US,33.8464,-118.0467,89.11,69,0,12.66,clear sky,2022-06-13 00:52:18
480,Pennagaram,IN,12.1333,77.9,74.01,76,100,2.62,overcast clouds,2022-06-13 00:52:18
481,Ust-Tsilma,RU,65.441,52.1498,47.44,57,100,2.64,overcast clouds,2022-06-13 00:52:18
482,Port Townsend,US,48.117,-122.7605,59.83,71,100,11.5,overcast clouds,2022-06-13 00:52:19
483,Puerto Palomas,MX,31.7667,-107.6167,98.96,10,17,6.04,few clouds,2022-06-13 00:52:19
484,Muros,ES,42.7762,-9.0603,68.16,74,88,14.34,overcast clouds,2022-06-13 00:52:19
485,Muravlenko,RU,63.7898,74.523,58.95,86,100,7.36,overcast clouds,2022-06-13 00:52:19
486,Sabha,LY,27.0377,14.4283,76.53,32,0,10.4,clear sky,2022-06-13 00:52:20
487,Constitucion,CL,-35.3333,-72.4167,49.3,90,85,2.66,overcast clouds,2022-06-13 00:52:20
488,Chenghai,CN,23.4632,116.768,80.51,100,20,4.47,few clouds,2022-06-13 00:52:20
489,Lubango,AO,-14.9172,13.4925,53.53,47,0,3.33,clear sky,2022-06-13 00:52:06
490,Kavieng,PG,-2.5744,150.7967,83.08,73,100,12.3,light rain,2022-06-13 00:52:21
491,Athabasca,CA,54.7169,-113.2854,66.61,50,31,3.42,scattered clouds,2022-06-13 00:52:21
492,Jalu,LY,29.0331,21.5482,71.89,62,0,10.29,clear sky,2022-06-13 00:52:21
493,Ishigaki,JP,24.3448,124.1572,84.33,94,75,14.97,broken clouds,2022-06-13 00:52:22
494,Russkaya Polyana,UA,49.417,31.9201,61.09,91,0,6.55,clear sky,2022-06-13 00:52:22
495,Indi,IN,17.1667,75.9667,78.19,69,100,12.97,overcast clouds,2022-06-13 00:52:22
496,Vaasa,FI,63.096,21.6158,54.28,87,0,2.3,clear sky,2022-06-13 00:52:23
497,Ulladulla,AU,-35.35,150.4667,54.73,52,2,3.44,clear sky,2022-06-13 00:52:23
498,Bagdarin,RU,54.4333,113.6,65.61,34,100,0.96,overcast clouds,2022-06-13 00:52:23
499,Tselinnoye,RU,53.0833,85.6667,67.6,87,93,7.92,overcast clouds,2022-06-13 00:52:23
500,Oga,IT,46.4631,10.347,57.81,64,99,4.21,overcast clouds,2022-06-13 00:52:24
501,Baykit,RU,61.67,96.37,68.14,48,36,1.19,scattered clouds,2022-06-13 00:52:24
502,Granada,ES,37.25,-3.25,70.11,24,100,5.95,overcast clouds,2022-06-13 00:52:24
503,Nueve De Julio,AR,-35.4444,-60.8831,49.08,51,25,8.48,scattered clouds,2022-06-13 00:52:25
504,Dreux,FR,48.6667,1.25,49.98,94,2,7.05,clear sky,2022-06-13 00:52:25
505,Namibe,AO,-15.1961,12.1522,68.05,59,0,6.22,clear sky,2022-06-13 00:52:25
506,Kaliua,TZ,-5.0606,31.7936,65.1,63,80,5.32,broken clouds,2022-06-13 00:52:26
507,Paciran,ID,-6.8767,112.3761,80.8,80,100,6.17,overcast clouds,2022-06-13 00:52:26
508,Yulara,AU,-25.2406,130.9889,57.76,45,0,5.64,clear sky,2022-06-13 00:52:26
509,Ilulissat,GL,69.2167,-51.1,33.44,72,100,13.94,overcast clouds,2022-06-13 00:52:26
510,Denizli,TR,37.8402,29.0698,62.98,90,8,3.11,clear sky,2022-06-13 00:52:27
511,Nalut,LY,30.3333,10.85,70.3,37,0,9.98,clear sky,2022-06-13 00:52:27
512,Marsh Harbour,BS,26.5412,-77.0636,81.46,82,0,10.13,clear sky,2022-06-13 00:52:27
513,Malente,DE,54.1712,10.5552,51.94,88,100,7.54,overcast clouds,2022-06-13 00:52:28
514,Vao,NC,-22.6667,167.4833,71.19,75,100,9.35,overcast clouds,2022-06-13 00:52:28
515,Vagur,FO,61.4732,-6.8119,47.8,92,100,17.09,overcast clouds,2022-06-13 00:52:28
516,Ponta Delgada,PT,37.7333,-25.6667,63.5,82,20,8.05,few clouds,2022-06-13 00:52:29
517,Port-Gentil,GA,-0.7193,8.7815,77.76,84,75,9.1,light rain,2022-06-13 00:52:29
518,Micheweni,TZ,-4.9667,39.8333,76.82,78,79,12.84,broken clouds,2022-06-13 00:52:29
519,Catio,GW,11.2833,-15.25,79.54,76,100,5.03,overcast clouds,2022-06-13 00:52:29
520,Salta,AR,-24.7859,-65.4117,47.57,83,0,3.44,clear sky,2022-06-13 00:52:30
521,Tulcea,RO,45.1667,28.8,68.04,73,29,13.8,scattered clouds,2022-06-13 00:52:30
522,Tsagan Aman,RU,47.5639,46.7218,70.21,54,1,14.2,clear sky,2022-06-13 00:52:30
523,Lompoc,US,34.6391,-120.4579,82.54,70,75,21.0,broken clouds,2022-06-13 00:49:44
524,Grand-Lahou,CI,5.1367,-5.0242,77.41,76,74,7.29,broken clouds,2022-06-13 00:52:31
525,Catamarca,AR,-28.4696,-65.7852,57.58,60,0,8.3,clear sky,2022-06-13 00:50:42
526,Bowen,AU,-20.0167,148.2333,65.03,45,0,4.36,clear sky,2022-06-13 00:52:31
527,Kangaatsiaq,GL,68.3065,-53.4641,33.31,77,100,25.21,overcast clouds,2022-06-13 00:52:31
528,Turukhansk,RU,65.8167,87.9833,64.18,74,99,11.54,overcast clouds,2022-06-13 00:52:32
529,Iskateley,RU,67.6803,53.1512,47.41,54,100,9.08,overcast clouds,2022-06-13 00:52:32
530,Artyom,AZ,40.4723,50.333,71.74,69,100,11.5,overcast clouds,2022-06-13 00:52:32
531,Chibombo,ZM,-14.6569,28.0706,50.58,76,0,5.06,clear sky,2022-06-13 00:52:33
532,Ilheus,BR,-14.7889,-39.0494,71.42,100,0,4.61,clear sky,2022-06-13 00:51:07
533,Partizanskoye,RU,55.5006,94.39,69.8,72,100,7.2,overcast clouds,2022-06-13 00:52:33
534,Garowe,SO,8.4054,48.4845,79.12,58,84,24.61,broken clouds,2022-06-13 00:52:33
535,Dolinsk,RU,47.35,142.8,51.12,84,94,5.01,overcast clouds,2022-06-13 00:52:34
536,Tabas,IR,33.5959,56.9244,82.62,23,55,4.61,broken clouds,2022-06-13 00:52:34
537,Padang,ID,-0.9492,100.3543,77.05,76,100,2.48,overcast clouds,2022-06-13 00:52:34
538,San Quintin,MX,30.4833,-115.95,68.83,76,3,12.68,clear sky,2022-06-13 00:52:35
539,Bela,IN,25.9333,81.9833,94.37,27,1,7.36,clear sky,2022-06-13 00:52:35
540,Sawtell,AU,-30.3833,153.1,62.62,42,42,11.5,scattered clouds,2022-06-13 00:52:35
541,Avera,US,33.194,-82.5271,87.85,53,97,6.17,overcast clouds,2022-06-13 00:52:35
542,Bakhmach,UA,51.1808,32.7569,57.67,94,0,6.96,clear sky,2022-06-13 00:52:36
543,Oistins,BB,13.0667,-59.5333,82.49,78,40,20.71,scattered clouds,2022-06-13 00:52:36
544,Killybegs,IE,54.6333,-8.45,52.84,88,100,14.45,overcast clouds,2022-06-13 00:52:36
545,Pahalgam,IN,34.0333,75.3333,55.8,68,19,3.49,few clouds,2022-06-13 00:52:37
546,Tarata,BO,-17.6167,-66.0167,54.82,62,0,4.7,clear sky,2022-06-13 00:52:37
547,Nacala,MZ,-14.5428,40.6728,66.18,93,53,9.01,light rain,2022-06-13 00:52:37
548,Bad Ischl,AT,47.7111,13.6189,63.39,69,32,5.79,scattered clouds,2022-06-13 00:52:37
549,Maharajganj,IN,27.1333,83.5667,88.05,57,0,12.53,clear sky,2022-06-13 00:52:38
550,Otradnoye,RU,59.7775,30.8181,53.65,92,83,4.27,broken clouds,2022-06-13 00:52:38
551,Solnechnyy,RU,50.7214,136.6319,75.4,41,11,8.12,few clouds,2022-06-13 00:52:38
552,Ararat,AM,39.8317,44.7049,61.14,86,46,3.56,scattered clouds,2022-06-13 00:52:39
553,Rio Grande,BR,-32.035,-52.0986,51.91,89,58,10.42,broken clouds,2022-06-13 00:52:39
554,Kiamba,PH,5.9894,124.6242,84.76,69,99,2.84,overcast clouds,2022-06-13 00:52:39
555,Tezu,IN,27.9167,96.1667,74.84,97,97,1.9,overcast clouds,2022-06-13 00:52:39
556,Bouar,CF,5.934,15.596,62.6,97,100,3.29,overcast clouds,2022-06-13 00:52:40
557,Shamary,RU,57.3434,58.2199,47.43,98,100,4.34,overcast clouds,2022-06-13 00:52:40
558,Coolum Beach,AU,-26.5333,153.1,68.34,65,10,6.91,clear sky,2022-06-13 00:52:40
559,Kalabo,ZM,-14.97,22.6814,52.11,58,0,5.59,clear sky,2022-06-13 00:52:41
560,Bulungu,CD,-4.55,18.6,70.54,55,94,2.86,overcast clouds,2022-06-13 00:52:41
561,Nioki,CD,-2.7167,17.6833,74.61,52,92,2.93,overcast clouds,2022-06-13 00:52:41
562,Kilindoni,TZ,-7.9139,39.6668,78.08,73,84,17.54,light rain,2022-06-13 00:52:41
563,Santa Maria Del Oro,MX,25.9333,-105.3667,88.21,19,2,16.28,clear sky,2022-06-13 00:52:42
564,Suleja,NG,9.1758,7.1808,76.19,81,32,1.52,scattered clouds,2022-06-13 00:52:42
565,Hailey,US,43.5196,-114.3153,58.87,72,75,5.75,broken clouds,2022-06-13 00:52:42
566,Margate,GB,51.3813,1.3862,58.69,65,21,5.01,few clouds,2022-06-13 00:48:09
567,Sale,MA,34.0389,-6.8166,72.28,94,40,3.44,scattered clouds,2022-06-13 00:52:43
568,Xuddur,SO,4.1213,43.8894,69.67,81,94,16.91,overcast clouds,2022-06-13 00:52:43
569,Galle,LK,6.0367,80.217,80.17,84,99,11.86,moderate rain,2022-06-13 00:51:09
570,Torbay,CA,47.6666,-52.7314,56.75,83,40,9.22,scattered clouds,2022-06-13 00:52:43
571,Meadow Lake,US,34.8014,-106.5436,94.68,16,100,9.8,overcast clouds,2022-06-13 00:52:44
572,Sosnovo-Ozerskoye,RU,52.5249,111.5418,63.01,49,35,0.76,scattered clouds,2022-06-13 00:52:44
573,Kidal,ML,18.4411,1.4078,88.05,27,52,9.62,broken clouds,2022-06-13 00:52:44
574,Fiumicino,IT,41.7675,12.2291,73.76,50,0,3.44,clear sky,2022-06-13 00:52:45
575,Zyryanka,RU,65.75,150.85,66.85,40,7,6.8,clear sky,2022-06-13 00:52:45
576,Eyrarbakki,IS,63.863,-21.1481,48.25,95,100,12.91,overcast clouds,2022-06-13 00:52:45
577,Boende,CD,-0.2167,20.8667,72.66,84,100,0.56,overcast clouds,2022-06-13 00:52:45
578,Mizan Teferi,ET,6.9833,35.5833,61.05,93,57,3.06,broken clouds,2022-06-13 00:52:46
579,Champerico,GT,14.3,-91.9167,77.54,81,79,6.85,broken clouds,2022-06-13 00:52:46
580,Vestmannaeyjar,IS,63.4427,-20.2734,47.53,95,100,15.57,overcast clouds,2022-06-13 00:52:46
581,Severo-Kurilsk,RU,50.6789,156.125,45.28,84,48,10.38,scattered clouds,2022-06-13 00:52:47
582,Kharan,PK,28.5833,65.4167,82.62,38,36,7.11,scattered clouds,2022-06-13 00:52:47
583,Montmagny,FR,48.9734,2.3469,58.01,75,0,4.61,clear sky,2022-06-13 00:52:47
584,Strathmore,CA,51.0501,-113.3852,63.81,55,100,16.11,heavy intensity rain,2022-06-13 00:52:47
585,Krasne,UA,49.9145,24.6134,56.23,86,2,1.14,clear sky,2022-06-13 00:52:48
586,Katsuura,JP,35.1333,140.3,70.3,56,100,6.4,overcast clouds,2022-06-13 00:52:48
587,Port Lincoln,AU,-34.7333,135.8667,55.36,69,56,12.21,broken clouds,2022-06-13 00:51:11
588,Yuncheng,CN,35.0231,110.9928,80.02,43,0,7.56,clear sky,2022-06-13 00:52:48
589,Necochea,AR,-38.5473,-58.7368,48.72,59,18,9.53,few clouds,2022-06-13 00:52:49
590,Kikugawa,JP,34.7563,138.0874,74.59,49,75,5.75,broken clouds,2022-06-13 00:52:49
591,Opuwo,NA,-18.0607,13.84,53.74,57,0,2.19,clear sky,2022-06-13 00:52:49
592,Chitral,PK,35.8462,71.7858,69.94,55,33,2.57,scattered clouds,2022-06-13 00:52:50
593,Koutiala,ML,12.3917,-5.4642,80.28,67,26,10.18,scattered clouds,2022-06-13 00:52:50
594,Hobyo,SO,5.3505,48.5268,78.48,79,100,22.93,overcast clouds,2022-06-13 00:52:50
595,Stornoway,GB,58.2093,-6.3865,50.94,83,100,6.91,overcast clouds,2022-06-13 00:52:51
596,Nova Esperanca,BR,4.438,-61.1151,67.21,96,100,1.81,moderate rain,2022-06-13 00:52:51
597,Bacabal,BR,-4.2917,-44.7917,73.06,95,2,0.27,clear sky,2022-06-13 00:52:51
598,Hounde,BF,11.5,-3.5167,79.2,69,52,7.11,broken clouds,2022-06-13 00:52:51
599,Mosjoen,NO,65.836,13.1908,51.67,83,100,4.9,overcast clouds,2022-06-13 00:50:40
600,Sao Luis De Montes Belos,BR,-16.525,-50.3722,63.52,57,99,6.62,overcast clouds,2022-06-13 00:52:52
601,Neuquen,AR,-38.9516,-68.0591,39.09,75,0,0.0,clear sky,2022-06-13 00:51:48
602,Sioux Lookout,CA,50.1001,-91.917,64.47,59,75,3.44,broken clouds,2022-06-13 00:52:52
603,Colwyn Bay,GB,53.2948,-3.7267,55.81,93,34,10.2,scattered clouds,2022-06-13 00:52:52
604,Biak,ID,-0.9131,122.8766,80.78,74,36,3.87,scattered clouds,2022-06-13 00:52:53
605,Shenjiamen,CN,29.9576,122.298,68.95,96,100,6.46,heavy intensity rain,2022-06-13 00:52:53
606,Deputatskiy,RU,69.3,139.9,61.97,34,0,23.24,clear sky,2022-06-13 00:52:53
607,Liuhe,CN,42.2401,125.7172,68.81,68,100,9.15,overcast clouds,2022-06-13 00:52:54
608,Grand Gaube,MU,-20.0064,57.6608,72.0,84,40,7.0,light rain,2022-06-13 00:52:54
609,Andilamena,MG,-17.0167,48.5833,50.83,97,13,4.7,few clouds,2022-06-13 00:52:54
610,Great Bend,US,38.3645,-98.7648,93.33,59,0,16.11,clear sky,2022-06-13 00:52:55
611,Sao Jose De Ribamar,BR,-2.5619,-44.0542,80.98,83,87,9.48,overcast clouds,2022-06-13 00:52:55
612,Oceanside,US,33.1959,-117.3795,86.02,80,75,10.36,broken clouds,2022-06-13 00:52:13
613,Hailar,CN,49.2,119.7,61.56,79,83,10.6,moderate rain,2022-06-13 00:52:55
614,Varkaus,FI,62.3153,27.873,51.31,90,8,4.83,clear sky,2022-06-13 00:52:56
615,Kaolinovo,BG,43.6167,27.1167,60.31,95,52,11.68,broken clouds,2022-06-13 00:52:56
616,Valleyview,CA,55.0667,-117.2859,66.24,30,100,4.61,overcast clouds,2022-06-13 00:52:56
617,Georgiyevka,KZ,43.0369,74.7114,68.04,68,0,6.71,clear sky,2022-06-13 00:52:57
618,Loandjili,CG,-4.7561,11.8578,75.31,88,75,2.3,broken clouds,2022-06-13 00:52:57
619,Ambilobe,MG,-13.2,49.05,65.37,87,0,3.53,clear sky,2022-06-13 00:52:57
620,Sao Gabriel Da Cachoeira,BR,-0.1303,-67.0892,69.04,99,94,2.71,overcast clouds,2022-06-13 00:52:58
621,Khipro,PK,25.8285,69.3772,83.98,69,0,12.33,clear sky,2022-06-13 00:52:58
622,Huarmey,PE,-10.0681,-78.1522,64.29,82,8,10.94,clear sky,2022-06-13 00:52:58
623,Raudeberg,NO,61.9875,5.1352,49.96,93,100,19.37,light rain,2022-06-13 00:52:58
624,Ormara,PK,25.2088,64.6357,82.22,84,29,7.9,scattered clouds,2022-06-13 00:52:59
625,Kailua,US,21.4022,-157.7394,87.78,69,75,13.8,broken clouds,2022-06-13 00:52:59
626,Rosetta,EG,31.4044,30.4164,72.39,77,0,10.83,clear sky,2022-06-13 00:52:59
627,Yangambi,CD,0.8102,24.4336,68.22,93,84,2.08,broken clouds,2022-06-13 00:53:00
628,Fort Nelson,CA,58.8053,-122.7002,65.79,24,40,5.75,scattered clouds,2022-06-13 00:53:00
629,Gryazovets,RU,58.88,40.2525,47.46,80,11,5.77,few clouds,2022-06-13 00:53:00
630,Tautira,PF,-17.7333,-149.15,78.4,68,19,18.21,few clouds,2022-06-13 00:53:00
631,Ketou,BJ,7.3633,2.5998,73.15,98,100,3.71,overcast clouds,2022-06-13 00:53:01
632,Mirnyy,RU,62.5353,113.9611,60.24,58,76,4.0,broken clouds,2022-06-13 00:53:01
633,Richards Bay,ZA,-28.783,32.0377,58.71,64,5,9.71,clear sky,2022-06-13 00:53:01
634,Husavik,IS,66.0449,-17.3389,42.84,93,100,5.53,overcast clouds,2022-06-13 00:50:31
635,Manokwari,ID,-0.8667,134.0833,84.18,66,66,12.82,broken clouds,2022-06-13 00:53:02
636,Wapi Pathum,TH,15.8452,103.3768,89.06,65,99,7.78,overcast clouds,2022-06-13 00:53:02
637,Luancheng,CN,37.8792,114.6517,71.76,39,10,8.59,clear sky,2022-06-13 00:53:02
638,Jingdezhen,CN,29.2947,117.2079,69.62,96,100,1.28,overcast clouds,2022-06-13 00:53:03
639,Monticello,US,45.3055,-93.7941,79.14,67,0,11.5,clear sky,2022-06-13 00:53:03
640,La Sarre,CA,48.8002,-79.1996,48.9,97,84,6.62,light rain,2022-06-13 00:49:00
641,Nioro,GM,13.35,-15.75,79.43,71,100,9.06,overcast clouds,2022-06-13 00:53:03
642,Machala,EC,-3.2667,-79.9667,71.78,90,74,3.89,broken clouds,2022-06-13 00:53:04
643,Conceicao Da Barra,BR,-18.5933,-39.7322,71.49,92,81,1.97,broken clouds,2022-06-13 00:53:04
644,Kodinsk,RU,58.6881,99.1844,71.62,63,7,4.72,clear sky,2022-06-13 00:53:04
645,Krasnoselkup,RU,65.7,82.4667,66.72,63,20,8.72,few clouds,2022-06-13 00:53:05
646,Wajir,KE,1.7471,40.0573,73.67,77,79,12.91,broken clouds,2022-06-13 00:53:05
647,Zapolyarnyy,RU,69.4154,30.8136,45.68,68,36,1.83,scattered clouds,2022-06-13 00:53:05
648,Malanje,AO,-9.5402,16.341,56.84,46,0,2.44,clear sky,2022-06-13 00:53:05
649,Binzhou,CN,37.3667,118.0167,82.76,41,2,8.72,clear sky,2022-06-13 00:53:06
650,Zaykovo,RU,57.5613,62.7568,53.38,98,100,7.16,overcast clouds,2022-06-13 00:53:06
651,Hokitika,NZ,-42.7167,170.9667,52.14,71,79,20.6,broken clouds,2022-06-13 00:53:06
652,Fukue,JP,32.6881,128.8419,68.36,94,75,6.91,light intensity shower rain,2022-06-13 00:53:07
653,The Valley,AI,18.217,-63.0578,82.26,83,0,18.72,clear sky,2022-06-13 00:50:04
654,Okhotsk,RU,59.3833,143.3,43.61,91,100,7.92,light rain,2022-06-13 00:53:07
655,Alibag,IN,18.6411,72.8792,82.47,85,53,10.58,broken clouds,2022-06-13 00:53:07
656,Gladstone,AU,-23.85,151.25,64.78,42,0,9.22,clear sky,2022-06-13 00:53:08
657,Abu Kamal,SY,34.4506,40.9171,77.13,45,0,15.35,clear sky,2022-06-13 00:53:08
658,Kelapa Sawit,MY,1.6698,103.5327,77.11,93,20,4.61,few clouds,2022-06-13 00:53:08
659,Arrecife,ES,28.963,-13.5477,69.78,83,100,9.22,overcast clouds,2022-06-13 00:53:09
660,Buraydah,SA,26.326,43.975,86.45,12,0,7.14,clear sky,2022-06-13 00:53:09
661,Marsa Matruh,EG,31.3525,27.2453,71.8,83,20,5.75,few clouds,2022-06-13 00:53:09
662,Omboue,GA,-1.5746,9.2618,74.61,92,20,5.66,few clouds,2022-06-13 00:53:09
663,Filadelfia,US,39.9523,-75.1638,75.22,88,100,5.75,overcast clouds,2022-06-13 00:51:58
664,Kenitra,MA,34.261,-6.5802,72.36,85,45,7.38,scattered clouds,2022-06-13 00:53:10
665,Poso,ID,-1.3959,120.7524,83.61,67,98,1.32,overcast clouds,2022-06-13 00:53:10
666,Nicoya,CR,10.1483,-85.452,74.1,95,100,6.67,light rain,2022-06-13 00:53:10
667,Alma,CA,48.5501,-71.6491,62.1,94,100,6.91,light rain,2022-06-13 00:48:23
668,Beirut,LB,33.8889,35.4944,74.14,78,75,11.5,broken clouds,2022-06-13 00:52:15
669,Kirakira,SB,-10.4544,161.9205,84.54,71,33,9.01,scattered clouds,2022-06-13 00:53:11
670,Naron,ES,43.5167,-8.1528,65.68,85,99,16.62,overcast clouds,2022-06-13 00:53:11
671,San-Pedro,CI,4.7485,-6.6363,77.34,79,100,7.4,overcast clouds,2022-06-13 00:53:11
672,Stephenville,US,32.2207,-98.2023,102.33,19,0,8.05,clear sky,2022-06-13 00:50:57
673,Saint-Joseph,RE,-21.3667,55.6167,68.38,85,53,15.43,light rain,2022-06-13 00:53:12
674,Coos Bay,US,43.3665,-124.2179,57.15,88,100,13.8,overcast clouds,2022-06-13 00:53:08
675,Ngara,TZ,-2.5122,30.6558,55.0,81,99,1.83,overcast clouds,2022-06-13 00:53:12
676,Tambovka,RU,50.0969,128.0489,68.34,66,100,5.26,overcast clouds,2022-06-13 00:53:12
677,Cotonou,BJ,6.3654,2.4183,80.58,78,20,4.61,few clouds,2022-06-13 00:53:13
678,Pallasovka,RU,50.05,46.8833,56.25,65,0,9.51,clear sky,2022-06-13 00:53:13
679,Lisburn,GB,54.5234,-6.0353,53.04,78,20,12.66,few clouds,2022-06-13 00:50:45
680,Petrokamenskoye,RU,57.716,60.6484,51.46,96,100,8.1,overcast clouds,2022-06-13 00:53:13
681,Lusambo,CD,-4.9667,23.45,75.15,53,88,1.72,overcast clouds,2022-06-13 00:53:14
682,Komsomolskoye,RU,55.2567,47.5461,47.44,90,7,3.89,clear sky,2022-06-13 00:53:14
683,Ende,ID,-8.8432,121.6623,80.04,73,100,5.01,overcast clouds,2022-06-13 00:53:14
684,Boyolangu,ID,-8.1181,111.8935,79.07,82,100,0.25,overcast clouds,2022-06-13 00:53:15
685,Aki,JP,33.5,133.9,73.35,66,75,3.06,broken clouds,2022-06-13 00:53:15
686,Salinas,US,36.6777,-121.6555,76.98,78,75,11.5,broken clouds,2022-06-13 00:53:15
687,Nabire,ID,-3.3667,135.4833,81.45,81,57,3.96,broken clouds,2022-06-13 00:49:18
688,Juneau,US,58.3019,-134.4197,53.83,95,100,3.69,light rain,2022-06-13 00:53:16
689,Berlevag,NO,70.8578,29.0864,44.4,81,100,26.46,overcast clouds,2022-06-13 00:53:16
690,Kupang,ID,-10.1667,123.5833,81.41,60,11,14.83,few clouds,2022-06-13 00:53:16
691,Sakakah,SA,29.9697,40.2064,87.37,35,0,13.62,clear sky,2022-06-13 00:53:16
692,Noumea,NC,-22.2763,166.4572,76.98,99,100,7.36,overcast clouds,2022-06-13 00:53:17
693,Dingle,PH,10.9995,122.6711,85.15,72,14,4.97,few clouds,2022-06-13 00:53:17
